SeqId,SeqIdVersion,SomaId,TargetFullName,Target,UniProt,EntrezGeneID,EntrezGeneSymbol,Organism,Units,Cal_PLT22095,Cal_PLT22096
10000-17,3,SL000000,Protein 0,APOE,P00000,1000,APOE,Human,RFU,1.0583158087451698,1.0876680913642076
10001-33,3,SL000001,Protein 1,GFAP,P00001,1001,GFAP,Human,RFU,1.0579236285589109,0.9362466132331321
10002-48,3,SL000002,Protein 2,NFL,P00002,1002,NFL,Human,RFU,0.9182412206097381,0.9132992534733555
10003-76,3,SL000003,Protein 3,Tau,P00003,1003,Tau,Human,RFU,0.9988840609405163,1.048224129858012
10004-59,3,SL000004,Protein 4,AB42,P00004,1004,AB42,Human,RFU,0.9115117520033289,1.0148946226359825
10005-86,3,SL000005,Protein 5,IL6,P00005,1005,IL6,Human,RFU,1.0099057764647472,1.0683657553516546
10006-22,3,SL000006,Protein 6,TNF,P00006,1006,TNF,Human,RFU,0.9883061002746755,0.9279544753252579
10007-30,3,SL000007,Protein 7,CRP,P00007,1007,CRP,Human,RFU,1.07754083655166,1.059053462371978
10008-38,3,SL000008,Protein 8,ALB,P00008,1008,ALB,Human,RFU,0.9701830025104158,0.940325464009549
10009-51,3,SL000009,Protein 9,IGF1,P00009,1009,IGF1,Human,RFU,0.9234134032855212,0.932731188573141
10010-54,3,SL000010,Protein 10,BDNF,P00010,1010,BDNF,Human,RFU,0.9285983364105672,0.9328531595861986
10011-8,3,SL000011,Protein 11,VEGF,P00011,1011,VEGF,Human,RFU,1.0523021263434946,1.0629149440462764
10012-27,3,SL000012,Protein 12,PDGF,P00012,1012,PDGF,Human,RFU,1.0236436126632522,1.03303944413924
10013-27,3,SL000013,Protein 13,FGF,P00013,1013,FGF,Human,RFU,0.920224535224558,1.004613084953824
10014-98,3,SL000014,Protein 14,EGF,P00014,1014,EGF,Human,RFU,0.9168213612229995,0.9717660968247005
10015-21,3,SL000015,Protein 15,PROT015,P00015,1015,PROT015,Human,RFU,1.040193826291824,1.0754401081626217
10016-30,3,SL000016,Protein 16,GENE016,P00016,1016,GENE016,Human,RFU,0.9145526012728388,0.9784890214845271
10017-97,3,SL000017,Protein 17,PROT017,P00017,1017,PROT017,Human,RFU,1.0643720118580713,1.0633198878943155
10018-28,3,SL000018,Protein 18,MARK018,P00018,1018,MARK018,Human,RFU,1.0412484454312994,0.9878269817140437
10019-64,3,SL000019,Protein 19,BIOM019,P00019,1019,BIOM019,Human,RFU,0.91626975612838,0.9753888858849815
10020-97,3,SL000020,Protein 20,PROT020,P00020,1020,PROT020,Human,RFU,0.9169675428170384,0.9925359571339213
10021-69,3,SL000021,Protein 21,GENE021,P00021,1021,GENE021,Human,RFU,1.0973279157002351,0.9602755748328284
10022-61,3,SL000022,Protein 22,PROT022,P00022,1022,PROT022,Human,RFU,0.9748541591512241,1.0495218760352503
10023-48,3,SL000023,Protein 23,MARK023,P00023,1023,MARK023,Human,RFU,0.9741284294133782,1.000544078018496
10024-19,3,SL000024,Protein 24,BIOM024,P00024,1024,BIOM024,Human,RFU,1.0625599134515007,0.9464425390293635
10025-4,3,SL000025,Protein 25,PROT025,P00025,1025,PROT025,Human,RFU,1.0894497154767717,1.0799149146549138
10026-35,3,SL000026,Protein 26,GENE026,P00026,1026,GENE026,Human,RFU,1.0972002127645744,0.9767782442746423
10027-64,3,SL000027,Protein 27,PROT027,P00027,1027,PROT027,Human,RFU,1.0506756370517885,1.0087105722227978
10028-49,3,SL000028,Protein 28,MARK028,P00028,1028,MARK028,Human,RFU,0.9752519171061832,1.0812944221929095
10029-17,3,SL000029,Protein 29,BIOM029,P00029,1029,BIOM029,Human,RFU,0.9167001433397338,1.0248475991827986
10030-44,3,SL000030,Protein 30,PROT030,P00030,1030,PROT030,Human,RFU,1.0554293831854875,0.9233796081416729
10031-92,3,SL000031,Protein 31,GENE031,P00031,1031,GENE031,Human,RFU,1.011680849947161,1.087966424722695
10032-30,3,SL000032,Protein 32,PROT032,P00032,1032,PROT032,Human,RFU,0.9848444018493953,1.0255416106142836
10033-93,3,SL000033,Protein 33,MARK033,P00033,1033,MARK033,Human,RFU,1.0812708770189472,0.9669811229314172
10034-46,3,SL000034,Protein 34,BIOM034,P00034,1034,BIOM034,Human,RFU,0.9222394964612303,0.9278544145326775
10035-6,3,SL000035,Protein 35,PROT035,P00035,1035,PROT035,Human,RFU,0.9985250208581719,1.0588050378540592
10036-99,3,SL000036,Protein 36,GENE036,P00036,1036,GENE036,Human,RFU,0.9022707289534838,1.0240145511857028
10037-37,3,SL000037,Protein 37,PROT037,P00037,1037,PROT037,Human,RFU,0.9937321283988253,1.0066922183952645
10038-24,3,SL000038,Protein 38,MARK038,P00038,1038,MARK038,Human,RFU,0.9112606551363674,1.0787785166101915
10039-93,3,SL000039,Protein 39,BIOM039,P00039,1039,BIOM039,Human,RFU,0.9237635832536144,1.0577194422449063
10040-46,3,SL000040,Protein 40,PROT040,P00040,1040,PROT040,Human,RFU,0.923505249355421,0.9303349759465502
10041-53,3,SL000041,Protein 41,GENE041,P00041,1041,GENE041,Human,RFU,1.0298420604232128,0.9623444135591097
10042-95,3,SL000042,Protein 42,PROT042,P00042,1042,PROT042,Human,RFU,1.0492089758530847,0.9496978279628931
10043-99,3,SL000043,Protein 43,MARK043,P00043,1043,MARK043,Human,RFU,1.016673753019432,1.0487892585145355
10044-60,3,SL000044,Protein 44,BIOM044,P00044,1044,BIOM044,Human,RFU,1.0924345096949084,0.9067064869471559
10045-97,3,SL000045,Protein 45,PROT045,P00045,1045,PROT045,Human,RFU,0.9749741159047408,1.0139779369742634
10046-63,3,SL000046,Protein 46,GENE046,P00046,1046,GENE046,Human,RFU,0.9571424172563722,1.0524917371481382
10047-85,3,SL000047,Protein 47,PROT047,P00047,1047,PROT047,Human,RFU,1.0737198256378921,1.07535312735235
10048-32,3,SL000048,Protein 48,MARK048,P00048,1048,MARK048,Human,RFU,0.9447191677038905,0.9684163497431816
10049-87,3,SL000049,Protein 49,BIOM049,P00049,1049,BIOM049,Human,RFU,1.0926445078881224,1.0642514609344027
10050-33,3,SL000050,Protein 50,PROT050,P00050,1050,PROT050,Human,RFU,0.9024308949379632,0.9221263473910415
10051-67,3,SL000051,Protein 51,GENE051,P00051,1051,GENE051,Human,RFU,1.0939757653415279,1.0692904583469036
10052-18,3,SL000052,Protein 52,PROT052,P00052,1052,PROT052,Human,RFU,0.9086319823901152,0.9254977324663965
10053-25,3,SL000053,Protein 53,MARK053,P00053,1053,MARK053,Human,RFU,1.0782286227396143,0.9794574581120735
10054-95,3,SL000054,Protein 54,BIOM054,P00054,1054,BIOM054,Human,RFU,1.00554022181726,1.0594590731559108
10055-54,3,SL000055,Protein 55,PROT055,P00055,1055,PROT055,Human,RFU,1.0985929592238601,0.9299834854697547
10056-58,3,SL000056,Protein 56,GENE056,P00056,1056,GENE056,Human,RFU,0.9147593129470798,0.9458502790465283
10057-67,3,SL000057,Protein 57,PROT057,P00057,1057,PROT057,Human,RFU,1.0107708568802642,1.0444505136786133
10058-46,3,SL000058,Protein 58,MARK058,P00058,1058,MARK058,Human,RFU,1.0938605071238199,1.0440073073092149
10059-24,3,SL000059,Protein 59,BIOM059,P00059,1059,BIOM059,Human,RFU,1.0046195688340298,1.0282295265770596
10060-32,3,SL000060,Protein 60,PROT060,P00060,1060,PROT060,Human,RFU,1.0258797276270526,1.03878968889342
10061-47,3,SL000061,Protein 61,GENE061,P00061,1061,GENE061,Human,RFU,1.0391497377969234,1.0085448886695192
10062-86,3,SL000062,Protein 62,PROT062,P00062,1062,PROT062,Human,RFU,0.9909082129535547,0.9503598117813906
10063-23,3,SL000063,Protein 63,MARK063,P00063,1063,MARK063,Human,RFU,1.0255116160168127,0.9691391987007839
10064-66,3,SL000064,Protein 64,BIOM064,P00064,1064,BIOM064,Human,RFU,1.01686286238462,0.9363195433602852
10065-27,3,SL000065,Protein 65,PROT065,P00065,1065,PROT065,Human,RFU,1.080231602098198,1.0816901122667257
10066-2,3,SL000066,Protein 66,GENE066,P00066,1066,GENE066,Human,RFU,0.9090892760682916,1.0166783589532242
10067-90,3,SL000067,Protein 67,PROT067,P00067,1067,PROT067,Human,RFU,0.9561926379184461,0.980170283352728
10068-17,3,SL000068,Protein 68,MARK068,P00068,1068,MARK068,Human,RFU,1.0900822968153119,0.9924011607288266
10069-33,3,SL000069,Protein 69,BIOM069,P00069,1069,BIOM069,Human,RFU,1.0780527567781832,1.0894566679223632
10070-9,3,SL000070,Protein 70,PROT070,P00070,1070,PROT070,Human,RFU,0.9911313505571426,0.9306702806232161
10071-43,3,SL000071,Protein 71,GENE071,P00071,1071,GENE071,Human,RFU,1.0240265195603073,1.0172459664033595
10072-48,3,SL000072,Protein 72,PROT072,P00072,1072,PROT072,Human,RFU,0.9554762365962266,1.0011777357768932
10073-39,3,SL000073,Protein 73,MARK073,P00073,1073,MARK073,Human,RFU,0.9376242319447523,1.0222908470869296
10074-93,3,SL000074,Protein 74,BIOM074,P00074,1074,BIOM074,Human,RFU,0.9927396809879965,0.9036220367641681
10075-42,3,SL000075,Protein 75,PROT075,P00075,1075,PROT075,Human,RFU,0.9706704456052107,1.0744247817888304
10076-26,3,SL000076,Protein 76,GENE076,P00076,1076,GENE076,Human,RFU,1.0167312223701745,1.0864236564967225
10077-99,3,SL000077,Protein 77,PROT077,P00077,1077,PROT077,Human,RFU,0.915546927392997,1.0130266367178418
10078-50,3,SL000078,Protein 78,MARK078,P00078,1078,MARK078,Human,RFU,1.0948789615332333,1.0393301647753785
10079-25,3,SL000079,Protein 79,BIOM079,P00079,1079,BIOM079,Human,RFU,1.0972421488959208,1.0844998762354592
10080-24,3,SL000080,Protein 80,PROT080,P00080,1080,PROT080,Human,RFU,1.0396323428039491,1.0414477268626798
10081-13,3,SL000081,Protein 81,GENE081,P00081,1081,GENE081,Human,RFU,1.007219273268824,0.9305078085828523
10082-60,3,SL000082,Protein 82,PROT082,P00082,1082,PROT082,Human,RFU,0.9619055232572656,1.0152576720333626
10083-7,3,SL000083,Protein 83,MARK083,P00083,1083,MARK083,Human,RFU,1.06275900394139,1.0213430092765712
10084-57,3,SL000084,Protein 84,BIOM084,P00084,1084,BIOM084,Human,RFU,1.0369462345107758,0.9848261342604773
10085-36,3,SL000085,Protein 85,PROT085,P00085,1085,PROT085,Human,RFU,0.9325233878689783,1.0472888471249446
10086-45,3,SL000086,Protein 86,GENE086,P00086,1086,GENE086,Human,RFU,1.0821854368987687,1.086873402953803
10087-20,3,SL000087,Protein 87,PROT087,P00087,1087,PROT087,Human,RFU,1.064507448584634,1.0851137025813553
10088-65,3,SL000088,Protein 88,MARK088,P00088,1088,MARK088,Human,RFU,1.0899599826583848,0.9901678742808264
10089-8,3,SL000089,Protein 89,BIOM089,P00089,1089,BIOM089,Human,RFU,1.045143901677672,0.922647609168151
10090-16,3,SL000090,Protein 90,PROT090,P00090,1090,PROT090,Human,RFU,1.022683039187158,1.096968239792467
10091-14,3,SL000091,Protein 91,GENE091,P00091,1091,GENE091,Human,RFU,0.9836486072581239,1.067779617289187
10092-76,3,SL000092,Protein 92,PROT092,P00092,1092,PROT092,Human,RFU,1.0865456966708027,0.9249325362406534
10093-87,3,SL000093,Protein 93,MARK093,P00093,1093,MARK093,Human,RFU,1.0732127779000817,1.0841683765234746
10094-15,3,SL000094,Protein 94,BIOM094,P00094,1094,BIOM094,Human,RFU,0.909043734021238,1.0739792724124257
10095-92,3,SL000095,Protein 95,PROT095,P00095,1095,PROT095,Human,RFU,0.9052733948994505,1.0037676114252145
10096-98,3,SL000096,Protein 96,GENE096,P00096,1096,GENE096,Human,RFU,0.97529267337561,1.018255087148986
10097-66,3,SL000097,Protein 97,PROT097,P00097,1097,PROT097,Human,RFU,1.0621106661563666,0.9798005407740261
10098-32,3,SL000098,Protein 98,MARK098,P00098,1098,MARK098,Human,RFU,1.097455225862989,0.9109523277644063
10099-87,3,SL000099,Protein 99,BIOM099,P00099,1099,BIOM099,Human,RFU,0.9300833782207056,0.9670394483291802
10100-63,3,SL000100,Protein 100,PROT100,P00100,1100,PROT100,Human,RFU,1.018826143070427,1.0605706897196023
10101-86,3,SL000101,Protein 101,GENE101,P00101,1101,GENE101,Human,RFU,0.9761781713262043,0.9009264046009205
10102-51,3,SL000102,Protein 102,PROT102,P00102,1102,PROT102,Human,RFU,1.0939828795629207,0.9666998343382289
10103-25,3,SL000103,Protein 103,MARK103,P00103,1103,MARK103,Human,RFU,1.0684237846271418,0.9796337387181887
10104-58,3,SL000104,Protein 104,BIOM104,P00104,1104,BIOM104,Human,RFU,1.0676657409422277,1.0074791205875846
10105-63,3,SL000105,Protein 105,PROT105,P00105,1105,PROT105,Human,RFU,0.9937386319589941,1.0839711232825522
10106-62,3,SL000106,Protein 106,GENE106,P00106,1106,GENE106,Human,RFU,0.9829639004675331,0.9692691988731923
10107-22,3,SL000107,Protein 107,PROT107,P00107,1107,PROT107,Human,RFU,0.9546814143861413,0.9693906403792456
10108-58,3,SL000108,Protein 108,MARK108,P00108,1108,MARK108,Human,RFU,0.9112750993301855,1.0475002496219497
10109-58,3,SL000109,Protein 109,BIOM109,P00109,1109,BIOM109,Human,RFU,1.0729444752510107,0.9904435881779615
10110-86,3,SL000110,Protein 110,PROT110,P00110,1110,PROT110,Human,RFU,1.0625802018260155,0.9449209645879965
10111-49,3,SL000111,Protein 111,GENE111,P00111,1111,GENE111,Human,RFU,1.0999435346572262,0.9904879032265387
10112-52,3,SL000112,Protein 112,PROT112,P00112,1112,PROT112,Human,RFU,1.0993273674147812,0.92817140407596
10113-42,3,SL000113,Protein 113,MARK113,P00113,1113,MARK113,Human,RFU,1.0110863411205255,0.9352773973012447
10114-70,3,SL000114,Protein 114,BIOM114,P00114,1114,BIOM114,Human,RFU,1.053797483036102,0.999673554547896
10115-15,3,SL000115,Protein 115,PROT115,P00115,1115,PROT115,Human,RFU,1.0889531459764856,0.9837850899009096
10116-54,3,SL000116,Protein 116,GENE116,P00116,1116,GENE116,Human,RFU,1.0699294781354824,1.08296918021362
10117-60,3,SL000117,Protein 117,PROT117,P00117,1117,PROT117,Human,RFU,0.9494696203486396,0.9724787798233266
10118-97,3,SL000118,Protein 118,MARK118,P00118,1118,MARK118,Human,RFU,0.9901088270620187,1.0161176700556087
10119-8,3,SL000119,Protein 119,BIOM119,P00119,1119,BIOM119,Human,RFU,0.9258318830302991,1.026452857583906
10120-53,3,SL000120,Protein 120,PROT120,P00120,1120,PROT120,Human,RFU,1.0908102054517446,0.9026188913176667
10121-60,3,SL000121,Protein 121,GENE121,P00121,1121,GENE121,Human,RFU,1.0212349268901761,1.0327074744033422
10122-5,3,SL000122,Protein 122,PROT122,P00122,1122,PROT122,Human,RFU,0.9457285611006926,0.9356071933739504
10123-68,3,SL000123,Protein 123,MARK123,P00123,1123,MARK123,Human,RFU,1.0343401368811713,1.092214063493891
10124-6,3,SL000124,Protein 124,BIOM124,P00124,1124,BIOM124,Human,RFU,1.0236256480915793,0.9297325455506226
10125-96,3,SL000125,Protein 125,PROT125,P00125,1125,PROT125,Human,RFU,0.9716325436065681,0.9829248247454048
10126-94,3,SL000126,Protein 126,GENE126,P00126,1126,GENE126,Human,RFU,0.9227115184399258,0.9170699336157287
10127-47,3,SL000127,Protein 127,PROT127,P00127,1127,PROT127,Human,RFU,1.03431463911856,1.0993748503691896
10128-99,3,SL000128,Protein 128,MARK128,P00128,1128,MARK128,Human,RFU,1.0040615401807587,1.0004390020662486
10129-55,3,SL000129,Protein 129,BIOM129,P00129,1129,BIOM129,Human,RFU,1.054463678347128,1.0190770034640089
10130-40,3,SL000130,Protein 130,PROT130,P00130,1130,PROT130,Human,RFU,1.0040327002223988,0.9134152954776855
10131-52,3,SL000131,Protein 131,GENE131,P00131,1131,GENE131,Human,RFU,1.070436300063708,1.0499920940798357
10132-16,3,SL000132,Protein 132,PROT132,P00132,1132,PROT132,Human,RFU,1.0103813677548972,0.9419811186191172
10133-13,3,SL000133,Protein 133,MARK133,P00133,1133,MARK133,Human,RFU,1.0121875943070773,1.079610857888143
10134-30,3,SL000134,Protein 134,BIOM134,P00134,1134,BIOM134,Human,RFU,1.0753307205316691,0.9410279280964015
10135-19,3,SL000135,Protein 135,PROT135,P00135,1135,PROT135,Human,RFU,0.9806965732424795,0.9381375441327333
10136-17,3,SL000136,Protein 136,GENE136,P00136,1136,GENE136,Human,RFU,0.9268030456901282,0.907309933569619
10137-63,3,SL000137,Protein 137,PROT137,P00137,1137,PROT137,Human,RFU,0.9057565352626679,0.9944133890219999
10138-19,3,SL000138,Protein 138,MARK138,P00138,1138,MARK138,Human,RFU,1.051027451134724,1.0129682266525233
10139-92,3,SL000139,Protein 139,BIOM139,P00139,1139,BIOM139,Human,RFU,1.024061910270693,0.9131417278856705
10140-58,3,SL000140,Protein 140,PROT140,P00140,1140,PROT140,Human,RFU,1.0408159536198447,1.055105523339002
10141-55,3,SL000141,Protein 141,GENE141,P00141,1141,GENE141,Human,RFU,0.9425928323017821,0.9906577669496056
10142-90,3,SL000142,Protein 142,PROT142,P00142,1142,PROT142,Human,RFU,0.9272742951173539,1.004878053865516
10143-90,3,SL000143,Protein 143,MARK143,P00143,1143,MARK143,Human,RFU,0.9029089331335765,0.9881525493876456
10144-62,3,SL000144,Protein 144,BIOM144,P00144,1144,BIOM144,Human,RFU,0.9701175117613194,0.9801526121750652
10145-23,3,SL000145,Protein 145,PROT145,P00145,1145,PROT145,Human,RFU,1.0179835373709267,1.0119280662616437
10146-9,3,SL000146,Protein 146,GENE146,P00146,1146,GENE146,Human,RFU,0.9784488090199465,0.9310480491861425
10147-12,3,SL000147,Protein 147,PROT147,P00147,1147,PROT147,Human,RFU,0.9874949844047458,0.9363856260990543
10148-1,3,SL000148,Protein 148,MARK148,P00148,1148,MARK148,Human,RFU,1.0808317388987498,1.0723571242027035
10149-58,3,SL000149,Protein 149,BIOM149,P00149,1149,BIOM149,Human,RFU,0.9696510934046602,1.0892230924267265
10150-1,3,SL000150,Protein 150,PROT150,P00150,1150,PROT150,Human,RFU,1.0027978978319623,0.9746618632559506
10151-34,3,SL000151,Protein 151,GENE151,P00151,1151,GENE151,Human,RFU,1.0567306025482286,0.9541489346287108
10152-96,3,SL000152,Protein 152,PROT152,P00152,1152,PROT152,Human,RFU,0.9793085564642541,1.0287999086478032
10153-48,3,SL000153,Protein 153,MARK153,P00153,1153,MARK153,Human,RFU,1.0244173400455747,0.9817468342196193
10154-89,3,SL000154,Protein 154,BIOM154,P00154,1154,BIOM154,Human,RFU,1.0724727417493491,0.905077271132069
10155-1,3,SL000155,Protein 155,PROT155,P00155,1155,PROT155,Human,RFU,1.0899041247315284,0.9312305194732381
10156-16,3,SL000156,Protein 156,GENE156,P00156,1156,GENE156,Human,RFU,0.9294146961858076,1.0431944457694795
10157-61,3,SL000157,Protein 157,PROT157,P00157,1157,PROT157,Human,RFU,1.085317525032299,1.0317847883820304
10158-64,3,SL000158,Protein 158,MARK158,P00158,1158,MARK158,Human,RFU,0.9984232586159076,0.9054191985006967
10159-63,3,SL000159,Protein 159,BIOM159,P00159,1159,BIOM159,Human,RFU,0.9516488776597917,0.9443944323865899
10160-69,3,SL000160,Protein 160,PROT160,P00160,1160,PROT160,Human,RFU,0.9918271512476523,0.9462149593176143
10161-22,3,SL000161,Protein 161,GENE161,P00161,1161,GENE161,Human,RFU,1.0960065150570955,1.0343785487197457
10162-93,3,SL000162,Protein 162,PROT162,P00162,1162,PROT162,Human,RFU,0.998523618798574,0.9039421075508729
10163-67,3,SL000163,Protein 163,MARK163,P00163,1163,MARK163,Human,RFU,0.9657503220575017,0.9208217163969148
10164-76,3,SL000164,Protein 164,BIOM164,P00164,1164,BIOM164,Human,RFU,1.0266801708633453,1.059983217074638
10165-26,3,SL000165,Protein 165,PROT165,P00165,1165,PROT165,Human,RFU,0.9480291237556386,0.9357089324108667
10166-16,3,SL000166,Protein 166,GENE166,P00166,1166,GENE166,Human,RFU,0.9151726656217328,1.030549221570375
10167-51,3,SL000167,Protein 167,PROT167,P00167,1167,PROT167,Human,RFU,0.9257759443821298,0.9476365562093454
10168-86,3,SL000168,Protein 168,MARK168,P00168,1168,MARK168,Human,RFU,0.9256091677915546,0.919888278551869
10169-57,3,SL000169,Protein 169,BIOM169,P00169,1169,BIOM169,Human,RFU,0.9303805387024588,0.9486344381998909
10170-29,3,SL000170,Protein 170,PROT170,P00170,1170,PROT170,Human,RFU,0.927765434529882,1.0444533863711318
10171-78,3,SL000171,Protein 171,GENE171,P00171,1171,GENE171,Human,RFU,1.0281749489606429,1.0711392936212571
10172-92,3,SL000172,Protein 172,PROT172,P00172,1172,PROT172,Human,RFU,0.936376016879829,1.0660439729133984
10173-69,3,SL000173,Protein 173,MARK173,P00173,1173,MARK173,Human,RFU,0.9691334566647727,0.979436705923691
10174-47,3,SL000174,Protein 174,BIOM174,P00174,1174,BIOM174,Human,RFU,1.0793576819812025,1.0336170273141294
10175-94,3,SL000175,Protein 175,PROT175,P00175,1175,PROT175,Human,RFU,0.9947923280525746,0.9409968590831642
10176-62,3,SL000176,Protein 176,GENE176,P00176,1176,GENE176,Human,RFU,1.0335115477042056,0.9586295460522027
10177-69,3,SL000177,Protein 177,PROT177,P00177,1177,PROT177,Human,RFU,0.934463974240326,1.079267163704224
10178-76,3,SL000178,Protein 178,MARK178,P00178,1178,MARK178,Human,RFU,0.9384578037617342,0.9026003847021472
10179-16,3,SL000179,Protein 179,BIOM179,P00179,1179,BIOM179,Human,RFU,0.9081737232532958,0.9171017061708936
10180-90,3,SL000180,Protein 180,PROT180,P00180,1180,PROT180,Human,RFU,0.933787012614433,0.9415772510292055
10181-90,3,SL000181,Protein 181,GENE181,P00181,1181,GENE181,Human,RFU,0.9557180678063918,0.905306440774764
10182-48,3,SL000182,Protein 182,PROT182,P00182,1182,PROT182,Human,RFU,0.9354020968553494,0.9362870870179595
10183-85,3,SL000183,Protein 183,MARK183,P00183,1183,MARK183,Human,RFU,0.9177405067514112,1.0166083121939384
10184-39,3,SL000184,Protein 184,BIOM184,P00184,1184,BIOM184,Human,RFU,0.9241271742201201,0.9842849101184996
10185-33,3,SL000185,Protein 185,PROT185,P00185,1185,PROT185,Human,RFU,0.9921557536065452,1.078534342215395
10186-94,3,SL000186,Protein 186,GENE186,P00186,1186,GENE186,Human,RFU,0.9412667436811586,1.0634887123476882
10187-23,3,SL000187,Protein 187,PROT187,P00187,1187,PROT187,Human,RFU,0.9728539722096151,0.9683634703395753
10188-10,3,SL000188,Protein 188,MARK188,P00188,1188,MARK188,Human,RFU,1.0006834541709715,0.9518846866862586
10189-69,3,SL000189,Protein 189,BIOM189,P00189,1189,BIOM189,Human,RFU,1.038078965725873,0.9759384816334534
10190-34,3,SL000190,Protein 190,PROT190,P00190,1190,PROT190,Human,RFU,0.9078624279682198,1.0180589885029616
10191-52,3,SL000191,Protein 191,GENE191,P00191,1191,GENE191,Human,RFU,1.0598820797818087,0.9536127281645753
10192-95,3,SL000192,Protein 192,PROT192,P00192,1192,PROT192,Human,RFU,1.0255800778981816,1.0248297815698268
10193-10,3,SL000193,Protein 193,MARK193,P00193,1193,MARK193,Human,RFU,0.9163518063897744,0.9818823304382481
10194-19,3,SL000194,Protein 194,BIOM194,P00194,1194,BIOM194,Human,RFU,1.0747157248213555,1.0104094361703961
10195-58,3,SL000195,Protein 195,PROT195,P00195,1195,PROT195,Human,RFU,1.0841744801063626,0.9872253058270634
10196-96,3,SL000196,Protein 196,GENE196,P00196,1196,GENE196,Human,RFU,0.9122155919709728,0.9588931519083835
10197-1,3,SL000197,Protein 197,PROT197,P00197,1197,PROT197,Human,RFU,0.9553755296294408,1.0896906613924313
10198-69,3,SL000198,Protein 198,MARK198,P00198,1198,MARK198,Human,RFU,1.0612402559586123,1.0527211588319523
10199-4,3,SL000199,Protein 199,BIOM199,P00199,1199,BIOM199,Human,RFU,1.0496519380767317,0.9280226351532905
10200-16,3,SL000200,Protein 200,PROT200,P00200,1200,PROT200,Human,RFU,0.9369042038712755,1.0736935951795827
10201-24,3,SL000201,Protein 201,GENE201,P00201,1201,GENE201,Human,RFU,0.9418698646673421,0.9974862396499028
10202-80,3,SL000202,Protein 202,PROT202,P00202,1202,PROT202,Human,RFU,0.9740944205582764,1.0789104453788183
10203-2,3,SL000203,Protein 203,MARK203,P00203,1203,MARK203,Human,RFU,0.9969045970382043,1.059971051189463
10204-92,3,SL000204,Protein 204,BIOM204,P00204,1204,BIOM204,Human,RFU,1.0236509543060592,0.9850427008938467
10205-32,3,SL000205,Protein 205,PROT205,P00205,1205,PROT205,Human,RFU,0.9737827279139545,0.9044938616640235
10206-91,3,SL000206,Protein 206,GENE206,P00206,1206,GENE206,Human,RFU,0.9925069432266296,0.9537354718769893
10207-84,3,SL000207,Protein 207,PROT207,P00207,1207,PROT207,Human,RFU,1.0494941876267514,1.0083268429321735
10208-24,3,SL000208,Protein 208,MARK208,P00208,1208,MARK208,Human,RFU,0.9073366405781196,1.0266956439652295
10209-12,3,SL000209,Protein 209,BIOM209,P00209,1209,BIOM209,Human,RFU,0.9504873888688042,0.9515775370866405
10210-50,3,SL000210,Protein 210,PROT210,P00210,1210,PROT210,Human,RFU,1.0426699171769105,0.9278712148145648
10211-35,3,SL000211,Protein 211,GENE211,P00211,1211,GENE211,Human,RFU,1.07904136753744,1.0669860473598598
10212-33,3,SL000212,Protein 212,PROT212,P00212,1212,PROT212,Human,RFU,1.0023354884231332,1.0968804361407105
10213-33,3,SL000213,Protein 213,MARK213,P00213,1213,MARK213,Human,RFU,1.0064226970530632,1.0051380364605371
10214-61,3,SL000214,Protein 214,BIOM214,P00214,1214,BIOM214,Human,RFU,0.9214344022679553,0.9343358571696607
10215-51,3,SL000215,Protein 215,PROT215,P00215,1215,PROT215,Human,RFU,0.989482473364691,0.9544614653038739
10216-43,3,SL000216,Protein 216,GENE216,P00216,1216,GENE216,Human,RFU,1.0065234532910048,0.9036781353094934
10217-12,3,SL000217,Protein 217,PROT217,P00217,1217,PROT217,Human,RFU,0.948494100726946,1.0828597613120998
10218-67,3,SL000218,Protein 218,MARK218,P00218,1218,MARK218,Human,RFU,0.9538486461898762,0.9235502165780283
10219-65,3,SL000219,Protein 219,BIOM219,P00219,1219,BIOM219,Human,RFU,0.9754568326209245,1.0153032951028507
10220-33,3,SL000220,Protein 220,PROT220,P00220,1220,PROT220,Human,RFU,0.9040142395555453,0.9548110441374412
10221-40,3,SL000221,Protein 221,GENE221,P00221,1221,GENE221,Human,RFU,0.9644158331166357,1.0108356005031587
10222-74,3,SL000222,Protein 222,PROT222,P00222,1222,PROT222,Human,RFU,0.942289601399309,1.030284077670373
10223-43,3,SL000223,Protein 223,MARK223,P00223,1223,MARK223,Human,RFU,0.9654994704355829,1.0659483607414404
10224-44,3,SL000224,Protein 224,BIOM224,P00224,1224,BIOM224,Human,RFU,0.9239524263638502,0.9412842543521207
10225-29,3,SL000225,Protein 225,PROT225,P00225,1225,PROT225,Human,RFU,1.078105456147979,0.9021991657316961
10226-13,3,SL000226,Protein 226,GENE226,P00226,1226,GENE226,Human,RFU,1.0187184907108098,0.9273771260137614
10227-12,3,SL000227,Protein 227,PROT227,P00227,1227,PROT227,Human,RFU,1.035820463828898,1.080003728369621
10228-95,3,SL000228,Protein 228,MARK228,P00228,1228,MARK228,Human,RFU,1.0578342477214677,1.074778015512503
10229-46,3,SL000229,Protein 229,BIOM229,P00229,1229,BIOM229,Human,RFU,0.9996884397858115,1.0194826204340617
10230-2,3,SL000230,Protein 230,PROT230,P00230,1230,PROT230,Human,RFU,0.9173840576174848,1.0201033720867307
10231-35,3,SL000231,Protein 231,GENE231,P00231,1231,GENE231,Human,RFU,1.0074213083637096,1.0330073349092512
10232-87,3,SL000232,Protein 232,PROT232,P00232,1232,PROT232,Human,RFU,1.017368223604176,0.9350742557246899
10233-81,3,SL000233,Protein 233,MARK233,P00233,1233,MARK233,Human,RFU,1.049087894836866,1.0828823891849921
10234-90,3,SL000234,Protein 234,BIOM234,P00234,1234,BIOM234,Human,RFU,0.986331909245936,0.9837541049784146
10235-8,3,SL000235,Protein 235,PROT235,P00235,1235,PROT235,Human,RFU,0.9255160605591127,0.9766277056498995
10236-93,3,SL000236,Protein 236,GENE236,P00236,1236,GENE236,Human,RFU,0.9567551811597449,1.0037835410565676
10237-26,3,SL000237,Protein 237,PROT237,P00237,1237,PROT237,Human,RFU,0.9726164592797271,0.909393193355011
10238-74,3,SL000238,Protein 238,MARK238,P00238,1238,MARK238,Human,RFU,1.0291834482663202,0.9332566737512159
10239-90,3,SL000239,Protein 239,BIOM239,P00239,1239,BIOM239,Human,RFU,1.0141556609337825,1.0476067232852742
10240-34,3,SL000240,Protein 240,PROT240,P00240,1240,PROT240,Human,RFU,0.9712193451795693,0.9165597335850253
10241-7,3,SL000241,Protein 241,GENE241,P00241,1241,GENE241,Human,RFU,1.097303049758596,1.0206304218932778
10242-68,3,SL000242,Protein 242,PROT242,P00242,1242,PROT242,Human,RFU,1.0211549638713775,0.9490698219362642
10243-58,3,SL000243,Protein 243,MARK243,P00243,1243,MARK243,Human,RFU,0.9474453583471989,0.9778591228083954
10244-75,3,SL000244,Protein 244,BIOM244,P00244,1244,BIOM244,Human,RFU,0.9203564945240807,0.95773874735414
10245-29,3,SL000245,Protein 245,PROT245,P00245,1245,PROT245,Human,RFU,0.9305718278368664,0.9711345432929899
10246-36,3,SL000246,Protein 246,GENE246,P00246,1246,GENE246,Human,RFU,0.9491915456769017,1.0438091810368493
10247-89,3,SL000247,Protein 247,PROT247,P00247,1247,PROT247,Human,RFU,0.9321362746519112,0.9594243431246351
10248-21,3,SL000248,Protein 248,MARK248,P00248,1248,MARK248,Human,RFU,0.9373134048102612,1.0132809280593795
10249-36,3,SL000249,Protein 249,BIOM249,P00249,1249,BIOM249,Human,RFU,0.9570190337387695,0.99521008043982
10250-10,3,SL000250,Protein 250,PROT250,P00250,1250,PROT250,Human,RFU,0.934674719058951,1.0327342330725298
10251-73,3,SL000251,Protein 251,GENE251,P00251,1251,GENE251,Human,RFU,1.079353084925285,1.0873659478649518
10252-24,3,SL000252,Protein 252,PROT252,P00252,1252,PROT252,Human,RFU,0.9160467491323284,1.0465144194420501
10253-64,3,SL000253,Protein 253,MARK253,P00253,1253,MARK253,Human,RFU,1.004902277914051,0.9429880757181514
10254-99,3,SL000254,Protein 254,BIOM254,P00254,1254,BIOM254,Human,RFU,0.9820793653979324,0.9062366270122569
10255-49,3,SL000255,Protein 255,PROT255,P00255,1255,PROT255,Human,RFU,1.0964757233817213,0.9524528088599651
10256-99,3,SL000256,Protein 256,GENE256,P00256,1256,GENE256,Human,RFU,0.9224077804336105,1.019015586140051
10257-36,3,SL000257,Protein 257,PROT257,P00257,1257,PROT257,Human,RFU,0.9795711198091483,0.9102851626968501
10258-82,3,SL000258,Protein 258,MARK258,P00258,1258,MARK258,Human,RFU,1.093894086655074,0.9992732494402473
10259-96,3,SL000259,Protein 259,BIOM259,P00259,1259,BIOM259,Human,RFU,1.073101425178796,1.0193685697833779
10260-24,3,SL000260,Protein 260,PROT260,P00260,1260,PROT260,Human,RFU,1.063414414189856,0.9668487781633922
10261-23,3,SL000261,Protein 261,GENE261,P00261,1261,GENE261,Human,RFU,0.951580565408988,1.0541824407491645
10262-62,3,SL000262,Protein 262,PROT262,P00262,1262,PROT262,Human,RFU,0.9341775174780133,0.9213196506267544
10263-96,3,SL000263,Protein 263,MARK263,P00263,1263,MARK263,Human,RFU,1.0337286439848863,0.9150275563471618
10264-37,3,SL000264,Protein 264,BIOM264,P00264,1264,BIOM264,Human,RFU,1.0858751978255172,1.0456377512407207
10265-12,3,SL000265,Protein 265,PROT265,P00265,1265,PROT265,Human,RFU,1.011352578602786,0.9990982632412397
10266-55,3,SL000266,Protein 266,GENE266,P00266,1266,GENE266,Human,RFU,1.01432253789398,1.0376804792855472
10267-13,3,SL000267,Protein 267,PROT267,P00267,1267,PROT267,Human,RFU,0.9559958187320569,0.9869654677207493
10268-23,3,SL000268,Protein 268,MARK268,P00268,1268,MARK268,Human,RFU,1.0538985866383874,0.9492804066478214
10269-89,3,SL000269,Protein 269,BIOM269,P00269,1269,BIOM269,Human,RFU,0.9374087497115047,1.06382046353484
10270-99,3,SL000270,Protein 270,PROT270,P00270,1270,PROT270,Human,RFU,0.9647358472808488,1.0598831757937959
10271-30,3,SL000271,Protein 271,GENE271,P00271,1271,GENE271,Human,RFU,0.9850872877232834,1.0389392941708855
10272-17,3,SL000272,Protein 272,PROT272,P00272,1272,PROT272,Human,RFU,1.001522075736891,0.9544290274459926
10273-62,3,SL000273,Protein 273,MARK273,P00273,1273,MARK273,Human,RFU,0.9484819464830161,1.0180461333738176
10274-84,3,SL000274,Protein 274,BIOM274,P00274,1274,BIOM274,Human,RFU,0.9229673649478407,0.9721947793880054
10275-89,3,SL000275,Protein 275,PROT275,P00275,1275,PROT275,Human,RFU,1.0221240084883265,0.9183164146653269
10276-86,3,SL000276,Protein 276,GENE276,P00276,1276,GENE276,Human,RFU,0.9577261106480512,1.0834627150924487
10277-13,3,SL000277,Protein 277,PROT277,P00277,1277,PROT277,Human,RFU,1.0162476442845225,0.9273637261837923
10278-59,3,SL000278,Protein 278,MARK278,P00278,1278,MARK278,Human,RFU,0.9308725430548405,1.0900474707641605
10279-19,3,SL000279,Protein 279,BIOM279,P00279,1279,BIOM279,Human,RFU,0.9962280203709636,0.9892011545915912
10280-49,3,SL000280,Protein 280,PROT280,P00280,1280,PROT280,Human,RFU,1.0065178865103173,0.937026585767724
10281-12,3,SL000281,Protein 281,GENE281,P00281,1281,GENE281,Human,RFU,0.9103647073644854,1.0083801894756717
10282-61,3,SL000282,Protein 282,PROT282,P00282,1282,PROT282,Human,RFU,0.9673208556387841,1.0745891671752816
10283-19,3,SL000283,Protein 283,MARK283,P00283,1283,MARK283,Human,RFU,0.9268829353877949,1.0464449772819122
10284-76,3,SL000284,Protein 284,BIOM284,P00284,1284,BIOM284,Human,RFU,0.9126749940945535,1.06131222957229
10285-9,3,SL000285,Protein 285,PROT285,P00285,1285,PROT285,Human,RFU,1.097992046477989,1.0317566733421435
10286-71,3,SL000286,Protein 286,GENE286,P00286,1286,GENE286,Human,RFU,0.9644707689949447,1.0384553129035705
10287-28,3,SL000287,Protein 287,PROT287,P00287,1287,PROT287,Human,RFU,1.061974889170927,1.0698391303130639
10288-78,3,SL000288,Protein 288,MARK288,P00288,1288,MARK288,Human,RFU,0.9509281309527529,0.9499336017718373
10289-95,3,SL000289,Protein 289,BIOM289,P00289,1289,BIOM289,Human,RFU,1.036300544444786,0.9978849927286282
10290-52,3,SL000290,Protein 290,PROT290,P00290,1290,PROT290,Human,RFU,1.0520455719779374,0.9442418883639205
10291-83,3,SL000291,Protein 291,GENE291,P00291,1291,GENE291,Human,RFU,1.0191277481215688,1.0975336015993296
10292-16,3,SL000292,Protein 292,PROT292,P00292,1292,PROT292,Human,RFU,0.9943152377100317,1.0888118679373227
10293-69,3,SL000293,Protein 293,MARK293,P00293,1293,MARK293,Human,RFU,0.9823681828294537,0.9078853622737012
10294-99,3,SL000294,Protein 294,BIOM294,P00294,1294,BIOM294,Human,RFU,0.9697736533085991,1.0411150345031377
10295-12,3,SL000295,Protein 295,PROT295,P00295,1295,PROT295,Human,RFU,1.0859058288495653,1.0850496634831333
10296-25,3,SL000296,Protein 296,GENE296,P00296,1296,GENE296,Human,RFU,1.066123881557546,0.9361150690254667
10297-52,3,SL000297,Protein 297,PROT297,P00297,1297,PROT297,Human,RFU,1.0930053821333026,1.013589046110526
10298-85,3,SL000298,Protein 298,MARK298,P00298,1298,MARK298,Human,RFU,0.924859444697109,1.0830976595176085
10299-53,3,SL000299,Protein 299,BIOM299,P00299,1299,BIOM299,Human,RFU,1.0461734950407289,0.9067891957171598
